id,source_text,reference_summary,generated_summary
0,,,[ERROR]
1,,,[ERROR]
2,,,[ERROR]
3,,,[ERROR]
4,,,[ERROR]
5,,,[ERROR]
6,,,[ERROR]
7,,,[ERROR]
8,,,[ERROR]
9,,,[ERROR]
10,,,[ERROR]
11,,,[ERROR]
12,,,[ERROR]
13,,,[ERROR]
14,,,[ERROR]
15,,,[ERROR]
16,,,[ERROR]
17,,,[ERROR]
18,,,[ERROR]
19,,,[ERROR]
20,,,[ERROR]
21,,,[ERROR]
22,,,[ERROR]
23,,,[ERROR]
24,,,[ERROR]
25,,,[ERROR]
26,,,[ERROR]
27,,,[ERROR]
28,,,[ERROR]
29,,,[ERROR]
30,,,[ERROR]
31,,,[ERROR]
32,,,[ERROR]
33,,,[ERROR]
34,,,[ERROR]
35,,,[ERROR]
36,,,[ERROR]
37,,,[ERROR]
38,,,[ERROR]
39,,,[ERROR]
40,,,[ERROR]
41,,,[ERROR]
42,,,[ERROR]
43,,,[ERROR]
44,,,[ERROR]
45,,,[ERROR]
46,,,[ERROR]
47,,,[ERROR]
48,,,[ERROR]
49,,,[ERROR]
